{"cameraMode":{"drawMode":0,"name":"Shaded","section":"Shading Mode"},"sceneLighting":true,"audioPlay":false,"sceneViewState":{"showFog":true,"showMaterialUpdate":false,"showSkybox":true,"showFlares":true,"showImageEffects":true,"showParticleSystems":true},"in2DMode":false,"pivot":{"x":-32.85724639892578,"y":24.9649715423584,"z":21.5570068359375},"rotation":{"x":-0.12040629982948303,"y":0.11531737446784973,"z":-0.014018992893397808,"w":-0.9860714673995972},"size":51.96494674682617,"orthographic":true}